-- --------------------------------------------------------
-- Host:                         127.0.0.1
-- Server Version:               5.6.16 - MySQL Community Server (GPL)
-- Server Betriebssystem:        Win32
-- HeidiSQL Version:             8.3.0.4694
-- --------------------------------------------------------

/*!40101 SET @OLD_CHARACTER_SET_CLIENT=@@CHARACTER_SET_CLIENT */;
/*!40101 SET NAMES utf8 */;
/*!40014 SET @OLD_FOREIGN_KEY_CHECKS=@@FOREIGN_KEY_CHECKS, FOREIGN_KEY_CHECKS=0 */;
/*!40101 SET @OLD_SQL_MODE=@@SQL_MODE, SQL_MODE='NO_AUTO_VALUE_ON_ZERO' */;
-- Exportiere Daten aus Tabelle studio38_museumsportal.shop_shopproduct: 0 rows
/*!40000 ALTER TABLE `shop_shopproduct` DISABLE KEYS */;
INSERT IGNORE INTO `shop_shopproduct` (`id`, `creation_date`, `modified_date`, `slug`, `title`, `subtitle`, `description`, `image`, `price`, `link`, `is_featured`, `is_for_children`, `is_new`, `status`, `subtitle_de`, `subtitle_en`, `subtitle_fr`, `subtitle_pl`, `subtitle_tr`, `subtitle_es`, `subtitle_it`, `description_de`, `description_de_markup_type`, `description_en`, `description_en_markup_type`, `description_fr`, `description_fr_markup_type`, `description_pl`, `description_pl_markup_type`, `description_tr`, `description_tr_markup_type`, `description_es`, `description_es_markup_type`, `description_it`, `description_it_markup_type`, `title_de`, `title_en`, `title_fr`, `title_pl`, `title_tr`, `title_es`, `title_it`) VALUES
	(1, '2014-06-18 00:00:59', '2014-06-24 23:57:03', 'museumsguid', 'Museumsguide', 'Deutsches Historisches Museum Berlin', 'German History in Images and Artefacts - Prestel Museum Guide, 199 Seiten<br/>\r\nHerausgeber: Leonore Koschnick für das Deutsche Historische Museum', 'shop/foto1.jpg', '10.00', 'http://dhm-shop.de/index.php?c=detail&artikelnr=1265', 0, 0, 0, 'published', 'Deutsches Historisches Museum Berlin', 'Deutsches Historisches Museum Berlin', '', '', '', '', '', 'German History in Images and Artefacts - Prestel Museum Guide, 199 Seiten<br/>\r\nHerausgeber: Leonore Koschnick für das Deutsche Historische Museum', 'rh', 'German History in Images and Artefacts - Prestel Museum Guide, 199 Seiten<br/>\r\nHerausgeber: Leonore Koschnick für das Deutsche Historische Museum', 'rh', '', 'pt', '', 'pt', '', 'pt', '', 'pt', '', 'pt', 'Museumsguide', 'Museumsguide', '', '', '', '', ''),
	(2, '2014-06-18 00:00:59', '2014-06-24 23:57:03', 'memo-kunst', 'MEMO - Kunst der Islamischen Welt', '', '" Gedächtnisspiel mit 36 Motiven / 72 farbigen Karten aus dem Museum für Islamische Kunst im Pergamonmuseum<br/>\r\nE. A. Seemann Verlag, 2012"\r\n', 'shop/foto2.jpg', '9.90', 'https://katalogshop-smb.museumsportal.org/museumsgebaude/pergamonmuseum/memo-kunst-der-islamischen-welt.html', 0, 1, 0, 'published', '', '', '', '', '', '', '', '" Gedächtnisspiel mit 36 Motiven / 72 farbigen Karten aus dem Museum für Islamische Kunst im Pergamonmuseum<br/>\r\nE. A. Seemann Verlag, 2012"\r\n', 'rh', '', 'pt', '', 'pt', '', 'pt', '', 'pt', '', 'pt', '', 'pt', 'MEMO - Kunst der Islamischen Welt', '', '', '', '', '', ''),
	(3, '2014-06-18 00:00:59', '2014-06-24 23:57:03', 'cd-friedrich', 'CD "Friedrich der Große" Vol. 1', '', '"Flötenmusik"<br/>\r\n- mit ausführlichem Booklet in Deutsch, Englisch und Französisch<br/>\r\n- Spielzeit: 79 min "\r\n', 'shop/foto3.jpg', '19.95', 'http://www.museumsshop-im-schloss.de/topseller/cd-friedrich-der-grosse-vol-1.html', 0, 0, 0, 'published', '', '', '', '', '', '', '', '"Flötenmusik"<br/>\r\n- mit ausführlichem Booklet in Deutsch, Englisch und Französisch<br/>\r\n- Spielzeit: 79 min "\r\n', 'rh', '', 'pt', '', 'pt', '', 'pt', '', 'pt', '', 'pt', '', 'pt', 'CD "Friedrich der Große" Vol. 1', '', '', '', '', '', ''),
	(4, '2014-06-18 00:00:59', '2014-06-24 23:57:03', 'mauerplane', 'Mauerpläne', '', 'Stadtplan mit historischen und aktuellen Karten rund um das Thema Berliner Mauer, inklusive Zeittafel, Panoramakarte, Gedenkstätten, Orientierungsplan, Museen, Mauerdenkmäler und Luftbilder.', 'shop/foto4.jpg', '3.00', 'http://www.shop.ddr-museum.de/shop-163-mauerplaene-.html', 0, 0, 0, 'published', '', '', '', '', '', '', '', 'Stadtplan mit historischen und aktuellen Karten rund um das Thema Berliner Mauer, inklusive Zeittafel, Panoramakarte, Gedenkstätten, Orientierungsplan, Museen, Mauerdenkmäler und Luftbilder.', 'pt', 'City map around the toppic Berlin Wall, including chronological history, bird\'s eye view, pictorial maps and city map.', 'pt', '', 'pt', '', 'pt', '', 'pt', '', 'pt', '', 'pt', 'Mauerpläne', 'Wall maps', '', '', '', '', ''),
	(5, '2014-06-18 00:00:59', '2014-06-24 23:57:03', 'horbuch-anne', 'Hörbuch »Anne Frank Tagebuch«', '', '"In ungekürzter Fassung zu hören: Fritzi Haberlandt, eine der renommiertesten Charakterdarstellerinnen Deutschlands liest die Tagebuchaufzeichnungen von Anne Frank.\r\n\r\nDas Hörbuch enthält zusätzlich einen Brief von Anne Franks Vater Otto H. Frank, gelesen von Anne Franks Cousin Buddy Elias.\r\n\r\n9 CDs in Klappdeckelschachtel, Laufzeit: 650 min"', 'shop/foto5.jpg', '29.95', 'https://annefrank.de/onlineshop/product_info.php?products_id=68', 0, 0, 0, 'published', '', '', '', '', '', '', '', '"In ungekürzter Fassung zu hören: Fritzi Haberlandt, eine der renommiertesten Charakterdarstellerinnen Deutschlands liest die Tagebuchaufzeichnungen von Anne Frank.\r\n\r\nDas Hörbuch enthält zusätzlich einen Brief von Anne Franks Vater Otto H. Frank, gelesen von Anne Franks Cousin Buddy Elias.\r\n\r\n9 CDs in Klappdeckelschachtel, Laufzeit: 650 min"', 'hw', '', 'pt', '', 'pt', '', 'pt', '', 'pt', '', 'pt', '', 'pt', 'Hörbuch »Anne Frank Tagebuch«', 'Audiobook »Anne Frank Tagebuch«', '', '', '', '', ''),
	(6, '2014-06-18 00:00:59', '2014-06-24 23:57:03', 'der-vollendete-garten', 'Der vollendete Garten. Max Liebermann. Die Heckengärten', '', '"Ausstellungskatalog Liebermann-Villa 2014\r\n95 Seiten, 17 x 24 cm, Broschur"', 'shop/foto6.jpg', '15.00', 'http://www.liebermann-villa.de/ausstellungskataloge.html?pid=499', 0, 0, 0, 'published', '', '', '', '', '', '', '', '"Ausstellungskatalog Liebermann-Villa 2014\r\n95 Seiten, 17 x 24 cm, Broschur"', 'hw', '"Exhibition catalogue Liebermann-Villa 2014\r\n95 Seiten, 17 x 24 cm, Broschur"', 'hw', '', 'pt', '', 'pt', '', 'pt', '', 'pt', '', 'pt', 'Der vollendete Garten. Max Liebermann. Die Heckengärten', '', '', '', '', '', ''),
	(7, '2014-06-18 00:00:59', '2014-06-24 23:57:03', 'kw-jutebeutel', 'KW Jutebeutel - never mind the nineties', '', 'KW Jutebeutel "Never Mind the Nineties" Relaunch 28.4. - 25.8.2013 Größe: 38,0 x 42,0 cm', 'shop/foto7.jpg', '5.00', 'https://www.mus-ticket.de/new/app/Shopping?mod=ShopContent&event=viewArticle&ref=shp341397278&param=12732&cat=621&cat2=', 0, 0, 0, 'published', '', '', '', '', '', '', '', 'KW Jutebeutel "Never Mind the Nineties" Relaunch 28.4. - 25.8.2013 Größe: 38,0 x 42,0 cm', 'pt', '', 'pt', '', 'pt', '', 'pt', '', 'pt', '', 'pt', '', 'pt', 'KW Jutebeutel - never mind the nineties', '', '', '', '', '', ''),
	(8, '2014-06-18 00:00:59', '2014-06-24 23:57:03', 'buchstutze-moller', 'Buchstütze møller', '', 'was macht eine buchstütze aus? sie sollte nahezu rechtwinklig, in sich stabil und für wahre leseratten auch platzsparend sein. diese eigenschaften hat die minimalistische, funktionale buchstütze von jørgen møller. skulptural, architektonisch und dennoch grazil ziert das objekt jedes regal ohne sich dabei in den mittelpunkt zu stellen.\r\ndas gestanzte und gebogene blech erhält seine stabilität und eleganz durch den versatz in der knickkante.\r\nweitere entwürfe des dänischen designers und architekten jørgen møller im bauhaus-shop: das salatbesteck und der plakathänger', 'shop/foto8.jpg', '16.90', 'http://www.bauhaus-shop.de/de/wohnen/buchstuetze-moller.html', 0, 0, 0, 'published', '', '', '', '', '', '', '', 'was macht eine buchstütze aus? sie sollte nahezu rechtwinklig, in sich stabil und für wahre leseratten auch platzsparend sein. diese eigenschaften hat die minimalistische, funktionale buchstütze von jørgen møller. skulptural, architektonisch und dennoch grazil ziert das objekt jedes regal ohne sich dabei in den mittelpunkt zu stellen.\r\ndas gestanzte und gebogene blech erhält seine stabilität und eleganz durch den versatz in der knickkante.\r\nweitere entwürfe des dänischen designers und architekten jørgen møller im bauhaus-shop: das salatbesteck und der plakathänger', 'hw', '', 'pt', '', 'pt', '', 'pt', '', 'pt', '', 'pt', '', 'pt', 'Buchstütze møller', '', '', '', '', '', ''),
	(9, '2014-06-18 00:00:59', '2014-06-24 23:57:03', 'neukolln', '99 x Neukölln', '', 'Der Katalog zur Dauerausstellung, Hg. Udo Gößwald im Auftrag des Bezirksamts Neukölln von Berlin, Abt. Bildung, Schule, Kultur und Sport/Kulturamt, 416 Seiten, mit Abbildungen sämtlicher Exponate, Berlin 2010, ISBN 978-3-9809348-8-6. 19,99 € zzgl. Versandkosten', 'shop/foto9.jpg', '19.99', 'http://www.museum-neukoelln.de/kataloge.php?shopId=65', 0, 0, 0, 'published', '', '', '', '', '', '', '', 'Der Katalog zur Dauerausstellung, Hg. Udo Gößwald im Auftrag des Bezirksamts Neukölln von Berlin, Abt. Bildung, Schule, Kultur und Sport/Kulturamt, 416 Seiten, mit Abbildungen sämtlicher Exponate, Berlin 2010, ISBN 978-3-9809348-8-6. 19,99 € zzgl. Versandkosten', 'pt', '', 'pt', '', 'pt', '', 'pt', '', 'pt', '', 'pt', '', 'pt', '99 x Neukölln', '', '', '', '', '', ''),
	(10, '2014-06-18 00:00:59', '2014-06-24 23:57:03', 'puzzle-tablett', 'Puzzle Tablett von Wendy Boudewijns für RoyalKVB', '', 'Mit diesem Puzzle-Tablett lernen Kinder spielerisch Tischmanieren. Das Puzzle Dinner Tray steht auf rutschfesten Gummifüßen und ist spülmaschinenfest.\r\n\r\n\r\nAuszeichnung: Red Dot Design Award\r\nMaterial: Melamine\r\nAbmessungen: 32 x 25,9 x h 3 cm', 'shop/foto10.jpg', '39.00', 'http://www.museumderdinge.de/dienste_verkauf/', 0, 1, 0, 'published', '', '', '', '', '', '', '', 'Mit diesem Puzzle-Tablett lernen Kinder spielerisch Tischmanieren. Das Puzzle Dinner Tray steht auf rutschfesten Gummifüßen und ist spülmaschinenfest.\r\n\r\n\r\nAuszeichnung: Red Dot Design Award\r\nMaterial: Melamine\r\nAbmessungen: 32 x 25,9 x h 3 cm', 'hw', '', 'pt', '', 'pt', '', 'pt', '', 'pt', '', 'pt', '', 'pt', 'Puzzle Tablett von Wendy Boudewijns für RoyalKVB', 'Puzzle Tablette (Wendy Boudewijns for RoyalKVB)', '', '', '', '', '');
/*!40000 ALTER TABLE `shop_shopproduct` ENABLE KEYS */;

-- Exportiere Daten aus Tabelle studio38_museumsportal.shop_shopproduct_events: 0 rows
/*!40000 ALTER TABLE `shop_shopproduct_events` DISABLE KEYS */;
INSERT IGNORE INTO `shop_shopproduct_events` (`id`, `shopproduct_id`, `event_id`) VALUES
	(1, 8, 1076),
	(2, 9, 413);
/*!40000 ALTER TABLE `shop_shopproduct_events` ENABLE KEYS */;

-- Exportiere Daten aus Tabelle studio38_museumsportal.shop_shopproduct_exhibitions: 0 rows
/*!40000 ALTER TABLE `shop_shopproduct_exhibitions` DISABLE KEYS */;
INSERT IGNORE INTO `shop_shopproduct_exhibitions` (`id`, `shopproduct_id`, `exhibition_id`) VALUES
	(1, 2, 733),
	(2, 6, 829);
/*!40000 ALTER TABLE `shop_shopproduct_exhibitions` ENABLE KEYS */;

-- Exportiere Daten aus Tabelle studio38_museumsportal.shop_shopproduct_languages: 0 rows
/*!40000 ALTER TABLE `shop_shopproduct_languages` DISABLE KEYS */;
INSERT IGNORE INTO `shop_shopproduct_languages` (`id`, `shopproduct_id`, `language_id`) VALUES
	(2, 1, 49),
	(3, 3, 49),
	(4, 3, 63),
	(5, 3, 57),
	(6, 5, 63),
	(7, 7, 49);
/*!40000 ALTER TABLE `shop_shopproduct_languages` ENABLE KEYS */;

-- Exportiere Daten aus Tabelle studio38_museumsportal.shop_shopproduct_museums: 0 rows
/*!40000 ALTER TABLE `shop_shopproduct_museums` DISABLE KEYS */;
INSERT IGNORE INTO `shop_shopproduct_museums` (`id`, `shopproduct_id`, `museum_id`) VALUES
	(31, 1, 54),
	(2, 2, 132),
	(3, 2, 157),
	(58, 3, 115),
	(57, 3, 96),
	(56, 3, 95),
	(55, 3, 94),
	(54, 3, 202),
	(53, 3, 68),
	(52, 3, 182),
	(51, 3, 181),
	(50, 3, 180),
	(49, 3, 179),
	(48, 3, 178),
	(47, 3, 177),
	(46, 3, 176),
	(45, 3, 175),
	(44, 3, 174),
	(43, 3, 173),
	(42, 3, 172),
	(41, 3, 171),
	(40, 3, 170),
	(39, 3, 169),
	(38, 3, 168),
	(37, 3, 36),
	(36, 3, 158),
	(35, 3, 156),
	(34, 3, 151),
	(33, 3, 149),
	(32, 3, 20),
	(59, 4, 48),
	(60, 5, 11),
	(61, 6, 110),
	(62, 7, 108),
	(63, 8, 17),
	(64, 9, 141),
	(65, 10, 128);
/*!40000 ALTER TABLE `shop_shopproduct_museums` ENABLE KEYS */;

-- Exportiere Daten aus Tabelle studio38_museumsportal.shop_shopproduct_product_categories: 0 rows
/*!40000 ALTER TABLE `shop_shopproduct_product_categories` DISABLE KEYS */;
INSERT IGNORE INTO `shop_shopproduct_product_categories` (`id`, `shopproduct_id`, `shopproductcategory_id`) VALUES
	(6, 1, 6),
	(5, 1, 8),
	(3, 2, 2),
	(7, 3, 3),
	(8, 4, 8),
	(9, 4, 6),
	(10, 5, 6),
	(11, 5, 7),
	(12, 6, 5),
	(13, 7, 5),
	(14, 8, 9),
	(15, 8, 10),
	(16, 8, 11),
	(17, 9, 12),
	(18, 9, 6),
	(19, 10, 13);
/*!40000 ALTER TABLE `shop_shopproduct_product_categories` ENABLE KEYS */;

-- Exportiere Daten aus Tabelle studio38_museumsportal.shop_shopproduct_product_types: 0 rows
/*!40000 ALTER TABLE `shop_shopproduct_product_types` DISABLE KEYS */;
INSERT IGNORE INTO `shop_shopproduct_product_types` (`id`, `shopproduct_id`, `shopproducttype_id`) VALUES
	(4, 1, 2),
	(2, 2, 4),
	(5, 3, 5),
	(6, 4, 6),
	(7, 5, 7),
	(8, 6, 8),
	(9, 7, 9),
	(10, 8, 10),
	(11, 9, 11),
	(12, 10, 12);
/*!40000 ALTER TABLE `shop_shopproduct_product_types` ENABLE KEYS */;

-- Exportiere Daten aus Tabelle studio38_museumsportal.shop_shopproduct_workshops: 0 rows
/*!40000 ALTER TABLE `shop_shopproduct_workshops` DISABLE KEYS */;
INSERT IGNORE INTO `shop_shopproduct_workshops` (`id`, `shopproduct_id`, `workshop_id`) VALUES
	(1, 6, 209);
/*!40000 ALTER TABLE `shop_shopproduct_workshops` ENABLE KEYS */;
/*!40101 SET SQL_MODE=IFNULL(@OLD_SQL_MODE, '') */;
/*!40014 SET FOREIGN_KEY_CHECKS=IF(@OLD_FOREIGN_KEY_CHECKS IS NULL, 1, @OLD_FOREIGN_KEY_CHECKS) */;
/*!40101 SET CHARACTER_SET_CLIENT=@OLD_CHARACTER_SET_CLIENT */;
